epoch,loss,bce,sep,val_balanced_accuracy,val_anomaly_recall,val_normal_fpr,val_auroc,val_event_top3_recall
1,1.0695096450252133,1.0695096450252133,0.0,0.5,0.0,0.0,0.94921875,1.0
2,0.6617010981886537,0.6617010981886537,0.0,0.59375,1.0,0.8125,0.953125,1.0
3,0.6077292886647311,0.6077292886647311,0.0,0.9375,0.9375,0.0625,0.953125,1.0
4,0.5502805784865693,0.5502805784865693,0.0,0.84375,0.75,0.0625,0.94921875,1.0
5,0.45609596329969126,0.45609596329969126,0.0,0.71875,1.0,0.5625,0.94921875,1.0
6,0.48475656601098865,0.48475656601098865,0.0,0.875,0.8125,0.0625,0.94921875,1.0
7,0.4154930325238021,0.4154930325238021,0.0,0.8125,0.6875,0.0625,0.9453125,1.0
8,0.3445420639289843,0.3445420639289843,0.0,0.8125,0.9375,0.3125,0.94140625,1.0
9,0.34881501264505455,0.34881501264505455,0.0,0.9375,0.9375,0.0625,0.94140625,1.0
10,0.2718241152229843,0.2718241152229843,0.0,0.90625,0.875,0.0625,0.94140625,1.0
11,0.28284876454960217,0.2828487324547934,3.07518265882126e-07,0.9375,0.9375,0.0625,0.93359375,1.0
12,0.23278712684457953,0.23278635698598582,7.686356082660393e-06,0.9375,0.9375,0.0625,0.94921875,1.0
13,0.21354821762004933,0.21354555395933297,2.6670294363821784e-05,0.9375,0.9375,0.0625,0.953125,1.0
14,0.21056311973533431,0.21055753992779272,5.5800868976548624e-05,0.9375,0.9375,0.0625,0.95703125,1.0
15,0.1613753230630101,0.1613649183011555,0.00010403288885303024,0.9375,0.9375,0.0625,0.95703125,1.0
16,0.17656156233140638,0.17654237468967904,0.0001918745883113633,0.9375,0.9375,0.0625,0.953125,1.0
17,0.15557476982370122,0.15554410302555643,0.00030663961254001653,0.90625,0.9375,0.125,0.953125,1.0
18,0.0901384421630756,0.09009295162725282,0.00045490088437885774,0.90625,0.8125,0.0,0.93359375,1.0
19,0.15399048951539127,0.15392739560220625,0.0006309557019023004,0.875,0.9375,0.1875,0.9453125,1.0
20,0.12556807603035774,0.12548943353699638,0.0007864309562747921,0.78125,0.9375,0.375,0.953125,1.0
21,0.08712192310893035,0.0870255315741459,0.0009639130667555373,0.9375,0.875,0.0,0.9375,1.0
22,0.15530164362667323,0.1551850975810231,0.001165464689785784,0.84375,0.9375,0.25,0.94921875,1.0
23,0.1266871911662442,0.12656132605942813,0.0012586561163522667,0.78125,0.9375,0.375,0.9453125,1.0
24,0.10725229471869818,0.10711597330816142,0.0013632389262540044,0.875,0.8125,0.0625,0.9375,1.0
25,0.18277512522010536,0.18262156073030059,0.0015355976782022761,0.90625,0.875,0.0625,0.9453125,1.0
26,0.10039487537778133,0.1002573697938473,0.0013750846036937792,0.84375,0.9375,0.25,0.95703125,1.0
27,0.11239128320158778,0.11227853184604979,0.0011275003914936231,0.84375,0.9375,0.25,0.95703125,1.0
28,0.06894941232004366,0.06884297874424007,0.0010643442620529788,0.9375,0.9375,0.0625,0.953125,1.0
29,0.04988896867612025,0.049781524426453595,0.0010744447924092516,0.9375,0.9375,0.0625,0.95703125,1.0
30,0.06269930846259728,0.0625881430126362,0.001111649508405659,0.875,0.9375,0.1875,0.95703125,1.0
31,0.07778105983784149,0.07765619758959416,0.0012486070440105208,0.9375,0.9375,0.0625,0.9453125,1.0
32,0.0438091268281003,0.04366027209517005,0.001488544961919526,0.9375,0.9375,0.0625,0.94921875,1.0
33,0.056979519295525714,0.056801197750793474,0.0017832176730531704,0.9375,0.9375,0.0625,0.9453125,1.0
34,0.03978942735837056,0.03958057737225419,0.002088506613252359,0.875,0.9375,0.1875,0.9453125,1.0
35,0.036295870739080895,0.03605575311173509,0.002401164793116334,0.875,0.9375,0.1875,0.94921875,1.0
36,0.045771113609882084,0.04549892472715436,0.0027218825147988703,0.9375,0.9375,0.0625,0.94140625,1.0
37,0.0374708421385059,0.03716249993214241,0.0030834231431224753,0.9375,0.9375,0.0625,0.94921875,1.0
38,0.04260777850094792,0.042262651514704826,0.0034512623906838937,0.9375,0.9375,0.0625,0.9453125,1.0
39,0.025841039143033796,0.025462088337936603,0.0037895124177676396,0.90625,0.9375,0.125,0.9453125,1.0
40,0.038108691273556726,0.03769374854042084,0.0041494269275686125,0.9375,0.9375,0.0625,0.9453125,1.0
41,0.029046141757414892,0.028601417435215902,0.004447245006482085,0.9375,0.9375,0.0625,0.9453125,1.0
42,0.03177512148590563,0.0313041141693044,0.004710083205409192,0.9375,0.9375,0.0625,0.9453125,1.0
43,0.02840938513538429,0.027918245114216752,0.004911404477523549,0.9375,0.9375,0.0625,0.94140625,1.0
44,0.029365135161401507,0.028862083395877917,0.005030518518174654,0.9375,0.9375,0.0625,0.94140625,1.0
45,0.018128593035459103,0.017615443688224663,0.005131490235509989,0.9375,0.9375,0.0625,0.94921875,1.0
46,0.03502801366449965,0.03450164215482928,0.005263723690271169,0.9375,0.9375,0.0625,0.9453125,1.0
47,0.024205439782642817,0.02367395415276914,0.005314854116967091,0.875,0.9375,0.1875,0.9453125,1.0
48,0.0365602679133832,0.03602991491504066,0.005303520800454633,0.875,0.9375,0.1875,0.9453125,1.0
49,0.04751216757951395,0.046982077347648726,0.005300911905413324,0.90625,0.9375,0.125,0.94921875,1.0
50,0.03665264287859306,0.036115503646889244,0.00537138654348942,0.9375,0.9375,0.0625,0.95703125,1.0
51,0.042784318210674334,0.04224056673685571,0.0054375092707365956,0.9375,0.9375,0.0625,0.9453125,1.0
52,0.03259710434798177,0.03206821416433041,0.005288910368209952,0.875,0.9375,0.1875,0.94921875,1.0
53,0.02218465105845378,0.02167197374197153,0.005126772217218067,0.9375,0.9375,0.0625,0.953125,1.0
54,0.02524871849357248,0.02473877409922441,0.00509944228924342,0.9375,0.9375,0.0625,0.95703125,1.0
55,0.028940153783643164,0.028430727365837023,0.005094254369867015,0.9375,0.9375,0.0625,0.953125,1.0
56,0.021893134827471593,0.02138842988459693,0.005047049539463295,0.90625,0.9375,0.125,0.953125,1.0
57,0.027620095994089034,0.027115834447053764,0.005042609618651075,0.90625,0.9375,0.125,0.953125,1.0
58,0.026402349707546766,0.025894471268345425,0.0050787864695791595,0.9375,0.9375,0.0625,0.953125,1.0
59,0.03299286210961588,0.03248855027116158,0.005043118899049875,0.9375,0.9375,0.0625,0.953125,1.0
60,0.018143396150529175,0.017656294471043704,0.004871020178225907,0.90625,0.9375,0.125,0.95703125,1.0
61,0.0275209549345545,0.02704402584895179,0.004769296017377735,0.90625,0.9375,0.125,0.9609375,1.0
62,0.027576071294871243,0.027101280545438085,0.004747906615110961,0.9375,0.9375,0.0625,0.95703125,1.0
63,0.02349588475059848,0.023025520385236486,0.004703644327689093,0.90625,0.9375,0.125,0.9609375,1.0
64,0.030084955958662542,0.02961877817646242,0.004661775995176155,0.9375,0.9375,0.0625,0.95703125,1.0
65,0.026650763058162236,0.02618328466282024,0.004674783595218942,0.9375,0.9375,0.0625,0.953125,1.0
66,0.025323413651097904,0.02485867850221954,0.004647354813540107,0.9375,0.9375,0.0625,0.953125,1.0
67,0.02037867675763327,0.019918257513871558,0.004604192606948472,0.9375,0.9375,0.0625,0.953125,1.0
68,0.020211098702637466,0.019744464306981412,0.004666345272135068,0.9375,0.9375,0.0625,0.953125,1.0
69,0.02751413685875339,0.0270463509576304,0.00467785784544853,0.90625,0.9375,0.125,0.9609375,1.0
70,0.02133806861963097,0.02087171930637393,0.004663484942793221,0.9375,0.9375,0.0625,0.953125,1.0
71,0.016555681824684143,0.01608154107165243,0.0047414067943769315,0.9375,0.9375,0.0625,0.95703125,1.0
72,0.021561320591066684,0.02107727903240992,0.004840412411604311,0.9375,0.9375,0.0625,0.953125,1.0
73,0.031485259428724544,0.03099601773115305,0.004892426419195595,0.9375,0.9375,0.0625,0.953125,1.0
74,0.03320371039159648,0.03270836716348475,0.004953427683119174,0.9375,0.9375,0.0625,0.953125,1.0
75,0.0182340874538555,0.017741527147851623,0.004925600454940663,0.875,0.9375,0.1875,0.96484375,1.0
76,0.03277409396792104,0.03229270599639186,0.0048138711575444765,0.8125,0.9375,0.3125,0.96484375,1.0
77,0.04376978492950435,0.0432943563283115,0.004754278411554707,0.875,0.9375,0.1875,0.9609375,1.0
78,0.03143322271770322,0.030953708124327493,0.00479514316258418,0.9375,0.9375,0.0625,0.9609375,1.0
79,0.021545507658559542,0.021054361844305078,0.004911460128931941,0.9375,0.9375,0.0625,0.9609375,1.0
80,0.01736445298053689,0.01685987691186577,0.0050457681405481755,0.9375,0.9375,0.0625,0.953125,1.0
